{
 "name": "Zoomable Sunburst",
 "children": [

    {
   "name": "Alimentos y bebidas no alcoholicas (18%)", 
   "children": [
        {"name": "Carne (13%)", "value": 830},
        {"name": "Pescado/Marisco (8,1%)", "value": 517},
        {"name": "Derivados lacteos (5,5%)", "value": 351},
        {"name": "Fruta (7%)", "value": 447},
        {"name": "Hortalizas/Verduras (21%)", "value": 1341},
        {"name": "Aceite aliño (0,7%)", "value": 44},
        {"name": "Pan (10%)", "value": 638},
        {"name": "Pasta (0,5%)", "value": 31},
        {"name": "Arroz (1,2%)", "value": 76},
        {"name": "Legumbres (0,4%)", "value": 25},
        {"name": "Batidos (1,5%)", "value": 95},
        {"name": "Helados y granizados (3,2%)", "value": 204},
        {"name": "Bolleria (4,2%)", "value": 268},
        {"name": "Otros (23,7%)", "value": 1514}
        ]
    },

    {
     "name": "Vivienda (19%)", 
     "children": [
        {"name": "Alquiler o hipoteca (73%)", "value": 4922},
        {"name": "Suministros de la vivienda (16%)", "value": 1078},
        {"name": "Reparaciones y mantenimiento (5%)", "value": 337},
        {"name": "Mobiliario y equipamiento (5%)", "value": 337},
        {"name": "Otros (1%)", "value": 67}
     ]
    },

    {
        "name": "Transporte (8%)", 
        "children": [
            {"name": "Compra de vehículos (14%)", "value": 397},
            {"name": "Combustible (14%)", "value": 397},
            {"name": "Mantenimiento y reparaciones (8,5%)", "value": 241},
            {"name": "Seguros y peajes (9%)", "value": 255},
            {"name": "Transporte público (13%)", "value": 369},
            {"name": "Otros (41,5%)", "value": 1178}
        ]
    },

    {
        "name": "Hoteles, cafes y restaurantes (10%)", 
        "children": [
            {"name": "Restaurantes (35%)", "value": 1242},
            {"name": "Cafeterias y bares (16%)", "value": 567},
            {"name": "Alojamiento (25%)", "value": 887},
            {"name": "Otros (24%)", "value": 851}
        ]
    },

    
    {
        "name": "Ocio y cultura (7%)", 
        "children": [
            {"name": "Equipos de audio, televisión y fotografía (15%)", "value": 372},
            {"name": "Equipos informáticos y accesorios (16%)", "value": 397},
            {"name": "Servicios culturales y de entretenimiento (19%)", "value": 472},
            {"name": "Libros, periódicos y papelería (6%)", "value": 149},
            {"name": "Otros (44%)", "value": 1093}
        ]
    },

    
    {
        "name": "Otros bienes y servicios (5,5%)", 
        "children": [
            {"name": "Cuidado personal (45%)", "value": 878},
            {"name": "Seguros (20%)", "value": 390},
            {"name": "Otros (35%)", "value": 683}
        ]
    },


    {
        "name": "Vestido y calzado (9%)", 
        "children": [
            {"name": "Ropa (40%)", "value": 1277},
            {"name": "Calzado (10%)", "value": 319},
            {"name": "Accesorios (15%)", "value": 479},
            {"name": "Otros (35%)", "value": 1117}
        ]
    },

    {
        "name": "Menaje (5%)", 
        "children": [
            {"name": "Aparatos y utensilios domésticos (40%)", "value": 709},
            {"name": "Cristalería, vajilla, cubertería y utensilios de cocina (5%)", "value": 88},
            {"name": "Otros utensilios y pequeños aparatos eléctricos (17%)", "value": 301},
            {"name": "Otros productos textiles para el hogar (12%)", "value": 212},
            {"name": "Otros (26%)", "value": 461}
        ]
    },

    {
        "name": "Medicina (7%)", 
        "children": [
            {"name": "Productos farmacéuticos (35%)", "value": 869},
            {"name": "Productos sanitarios (40%)", "value": 993},
            {"name": "Gafas y lentillas (15%)", "value": 372},
            {"name": "Otros (10%)", "value": 248}
        ]
    },

    {
        "name": "Comunicaciones (3,5%)", 
        "children": [
            {"name": "Servicios de telefonía y acceso a internet (52%)", "value": 645},
            {"name": "Equipos de telecomunicaciones (23%)", "value": 285},
            {"name": "Otros (25%)", "value": 310}
        ]
    },

    {
        "name": "Bebidas Alcoholicas y tabaco (2,5%)", 
        "children": [
            {"name": "Bebidas alcohólicas (40%)", "value": 354},
            {"name": "Tabaco (35%)", "value": 310},
            {"name": "Otros (25%)", "value": 221}
        ]
    },

    {
        "name": "Enseñanza (3%)",
        "children": [
            {"name": "Enseñanza universitaria (60%)", "value": 638},
            {"name": "Enseñanza no universitaria (40%)", "value": 425}
        ]
    },

    {
        "name": "Otros (2,5%)", 
        "children": [
            {"name": "Otros (100%)", "value": 887}
        ]
    }

 ]

}