{
 "name": "Zoomable Sunburst",
 "children": [

    {
   "name": "Alimentos y bebidas no alcoholicas (19%)", 
   "children": [
        {"name": "Carne (13,5%)", "value": 910},
        {"name": "Pescado/Marisco (8,7%)", "value": 586},
        {"name": "Derivados lacteos (5%)", "value": 337},
        {"name": "Fruta (6%)", "value": 404},
        {"name": "Hortalizas/Verduras (20%)", "value": 1348},
        {"name": "Aceite aliño (0,9%)", "value": 60},
        {"name": "Pan (8%)", "value": 539},
        {"name": "Pasta (0,4%)", "value": 26},
        {"name": "Arroz (1,1%)", "value": 74},
        {"name": "Legumbres (0,3%)", "value": 20},
        {"name": "Batidos (1,8%)", "value": 121},
        {"name": "Helados y granizados (3,5%)", "value": 236},
        {"name": "Bolleria (4%)", "value": 269},
        {"name": "Otros (26,8%)", "value": 1807}
        ]
    },

    {
     "name": "Vivienda (20%)", 
     "children": [
        {"name": "Alquiler o hipoteca (75%)", "value": 5323},
        {"name": "Suministros de la vivienda (14%)", "value": 993},
        {"name": "Reparaciones y mantenimiento (5%)", "value": 354},
        {"name": "Mobiliario y equipamiento (5%)", "value": 354},
        {"name": "Otros (1%)", "value": 70}
     ]
    },

    {
        "name": "Transporte (10%)", 
        "children": [
            {"name": "Compra de vehículos (16%)", "value": 567},
            {"name": "Combustible (15%)", "value": 532},
            {"name": "Mantenimiento y reparaciones (7,5%)", "value": 266},
            {"name": "Seguros y peajes (8,7%)", "value": 308},
            {"name": "Transporte público (12%)", "value": 425},
            {"name": "Otros (40,8%)", "value": 1448}
        ]
    },

    {
        "name": "Hoteles, cafes y restaurantes (15%)", 
        "children": [
            {"name": "Restaurantes (47%)", "value": 2496},
            {"name": "Cafeterias y bares (16%)", "value": 851},
            {"name": "Alojamiento (15%)", "value": 708},
            {"name": "Otros (22,1%)", "value": 1176}
        ]
    },

    
    {
        "name": "Ocio y cultura (7%)", 
        "children": [
            {"name": "Equipos de audio, televisión y fotografía (12%)", "value": 298},
            {"name": "Equipos informáticos y accesorios (16%)", "value": 397},
            {"name": "Servicios culturales y de entretenimiento (19%)", "value": 472},
            {"name": "Libros, periódicos y papelería (5%)", "value": 124},
            {"name": "Otros (48%)", "value": 1192}
        ]
    },

    
    {
        "name": "Otros bienes y servicios (5,5%)", 
        "children": [
            {"name": "Cuidado personal (50%)", "value": 976},
            {"name": "Seguros (20%)", "value": 390},
            {"name": "Otros (30%)", "value": 585}
        ]
    },


    {
        "name": "Vestido y calzado (8%)", 
        "children": [
            {"name": "Ropa (47%)", "value": 1334},
            {"name": "Calzado (14%)", "value": 397},
            {"name": "Accesorios (9%)", "value": 255},
            {"name": "Otros (30%)", "value": 851}
        ]
    },

    {
        "name": "Menaje (3,5%)", 
        "children": [
            {"name": "Aparatos y utensilios domésticos (36%)", "value": 447},
            {"name": "Cristalería, vajilla, cubertería y utensilios de cocina (10%)", "value": 124},
            {"name": "Otros utensilios y pequeños aparatos eléctricos (13%)", "value": 161},
            {"name": "Otros productos textiles para el hogar (12%)", "value": 149},
            {"name": "Otros (29%)", "value": 360}
        ]
    },

    {
        "name": "Medicina (3,9%)", 
        "children": [
            {"name": "Productos farmacéuticos (35%)", "value": 484},
            {"name": "Productos sanitarios (12%)", "value": 166},
            {"name": "Gafas y lentillas (15%)", "value": 207},
            {"name": "Otros (38%)", "value": 525}
        ]
    },

    {
        "name": "Comunicaciones (3,4%)", 
        "children": [
            {"name": "Servicios de telefonía y acceso a internet (53%)", "value": 639},
            {"name": "Equipos de telecomunicaciones (25%)", "value": 301},
            {"name": "Otros (22%)", "value": 265}
        ]
    },

    {
        "name": "Bebidas Alcoholicas y tabaco (2,9%)", 
        "children": [
            {"name": "Bebidas alcohólicas (45%)", "value": 463},
            {"name": "Tabaco (41%)", "value": 421},
            {"name": "Otros (14%)", "value": 144}
        ]
    },

    {
        "name": "Enseñanza (1,8%)",
        "children": [
            {"name": "Enseñanza universitaria (55%)", "value": 351},
            {"name": "Enseñanza no universitaria (45%)", "value": 268}
        ]
    },

    {
        "name": "Otros (0,3%)", 
        "children": [
            {"name": "Otros (100%)", "value": 90}
        ]
    }

 ]

}