{
 "name": "Zoomable Sunburst",
 "children": [

    {
   "name": "Alimentos y bebidas no alcoholicas (23%)", 
   "children": [
        {"name": "Carne (15,4%)", "value": 1257},
        {"name": "Pescado/Marisco (9,7%)", "value": 792},
        {"name": "Derivados lacteos (4,8%)", "value": 392},
        {"name": "Fruta (4%)", "value": 326},
        {"name": "Hortalizas/Verduras (22,6%)", "value": 1844},
        {"name": "Aceite aliño (1%)", "value": 81},
        {"name": "Pan (11,1%)", "value": 824},
        {"name": "Pasta (0,4%)", "value": 32},
        {"name": "Arroz (1,1%)", "value": 90},
        {"name": "Legumbres (0,3%)", "value": 25},
        {"name": "Batidos (1,8%)", "value": 147},
        {"name": "Helados y granizados (2,7%)", "value": 220},
        {"name": "Bolleria (5,7%)", "value": 465},
        {"name": "Otros (20,3%)", "value": 1665}
        ]
    },

    {
     "name": "Vivienda (22%)", 
     "children": [
        {"name": "Alquiler o hipoteca (80%)", "value": 6330},
        {"name": "Suministros de la vivienda (12%)", "value": 949},
        {"name": "Reparaciones y mantenimiento (3%)", "value": 237},
        {"name": "Mobiliario y equipamiento (4%)", "value": 316},
        {"name": "Otros (1%)", "value": 79}
     ]
    },

    {
        "name": "Transporte (11%)", 
        "children": [
            {"name": "Compra de vehículos (21%)", "value": 819},
            {"name": "Combustible (18%)", "value": 702},
            {"name": "Mantenimiento y reparaciones (5,6%)", "value": 218},
            {"name": "Seguros y peajes (8,4%)", "value": 327},
            {"name": "Transporte público (10,4%)", "value": 406},
            {"name": "Otros (36,6%)", "value": 1428}
        ]
    },

    {
        "name": "Hoteles, cafes y restaurantes (10%)", 
        "children": [
            {"name": "Restaurantes (46,9%)", "value": 1664},
            {"name": "Cafeterias y bares (18,2%)", "value": 645},
            {"name": "Alojamiento (6,3%)", "value": 223},
            {"name": "Otros (28,6%)", "value": 1015}
        ]
    },

    
    {
        "name": "Ocio y cultura (6%)", 
        "children": [
            {"name": "Equipos de audio, televisión y fotografía (10,4%)", "value": 221},
            {"name": "Equipos informáticos y accesorios (15,2%)", "value": 323},
            {"name": "Servicios culturales y de entretenimiento (17,6%)", "value": 374},
            {"name": "Libros, periódicos y papelería (4%)", "value": 85},
            {"name": "Otros (52,8%)", "value": 1124}
        ]
    },

    
    {
        "name": "Otros bienes y servicios (6%)", 
        "children": [
            {"name": "Cuidado personal (30%)", "value": 638},
            {"name": "Seguros (20%)", "value": 425},
            {"name": "Otros (50%)", "value": 1064}
        ]
    },


    {
        "name": "Vestido y calzado (6%)", 
        "children": [
            {"name": "Ropa (45%)", "value": 958},
            {"name": "Calzado (15%)", "value": 319},
            {"name": "Accesorios (8%)", "value": 170},
            {"name": "Otros (32%)", "value": 680}
        ]
    },

    {
        "name": "Menaje (3%)", 
        "children": [
            {"name": "Aparatos y utensilios domésticos (34%)", "value": 362},
            {"name": "Cristalería, vajilla, cubertería y utensilios de cocina (12%)", "value": 127},
            {"name": "Otros utensilios y pequeños aparatos eléctricos (12%)", "value": 127},
            {"name": "Otros productos textiles para el hogar (12%)", "value": 127},
            {"name": "Otros (30%)", "value": 319}
        ]
    },

    {
        "name": "Medicina (4,4%)", 
        "children": [
            {"name": "Productos farmacéuticos (40%)", "value": 624},
            {"name": "Productos sanitarios (10%)", "value": 156},
            {"name": "Gafas y lentillas (10%)", "value": 156},
            {"name": "Otros (40%)", "value": 624}
        ]
    },

    {
        "name": "Comunicaciones (3,6%)", 
        "children": [
            {"name": "Servicios de telefonía y acceso a internet (55%)", "value": 702},
            {"name": "Equipos de telecomunicaciones (20%)", "value": 255},
            {"name": "Otros (25%)", "value": 319}
        ]
    },

    {
        "name": "Bebidas Alcoholicas y tabaco (3,1%)", 
        "children": [
            {"name": "Bebidas alcohólicas (40%)", "value": 440},
            {"name": "Tabaco (40%)", "value": 440},
            {"name": "Otros (20%)", "value": 220}
        ]
    },

    {
        "name": "Enseñanza (1,6%)",
        "children": [
            {"name": "Enseñanza universitaria (50%)", "value": 283},
            {"name": "Enseñanza no universitaria (40%)", "value": 227}
        ]
    },

    {
        "name": "Otros (0,3%)", 
        "children": [
            {"name": "Otros (100%)", "value": 106}
        ]
    }

 ]

}